<?xml version="1.0" encoding="UTF-8"?>
<beans xmlns:xsi="http://www.w3.org/2001/XMLSchema-instance"
       xmlns:tx="http://www.springframework.org/schema/tx"
       xmlns:aop="http://www.springframework.org/schema/aop"
       xmlns:context="http://www.springframework.org/schema/context"
       xmlns="http://www.springframework.org/schema/beans"
       xsi:schemaLocation="http://www.springframework.org/schema/beans
       http://www.springframework.org/schema/beans/spring-beans.xsd
       http://www.springframework.org/schema/tx
       http://www.springframework.org/schema/tx/spring-tx.xsd
       http://www.springframework.org/schema/aop
       http://www.springframework.org/schema/aop/spring-aop.xsd
       http://www.springframework.org/schema/context
       http://www.springframework.org/schema/context/spring-context.xsd">

    <aop:aspectj-autoproxy proxy-target-class="true"/>
    <!-- 引入属性文件 -->
    <context:property-placeholder location="classpath*:*onfig.properties" />

    <bean id="jdbcTemplate" class="org.springframework.jdbc.core.JdbcTemplate">
        <property name="dataSource" ref="dataSource"/>
    </bean>
    <!-- 配置数据源 -->
    <bean name="dataSource" class="com.alibaba.druid.pool.DruidDataSource" init-method="init" destroy-method="close">
        <property name="url" value="${jdbcUrl}"/>
        <property name="username" value="${jdbcUsername}"/>
        <property name="password" value="${jdbcPassword}"/>
        <!-- 初始化连接大小 -->
        <property name="initialSize" value="0"/>
        <!-- 连接池最大使用连接数量 -->
        <property name="maxActive" value="20"/>
        <!-- 连接池最小空闲 -->
        <property name="minIdle" value="5"/>
        <!-- 获取连接最大等待时间 -->
        <property name="maxWait" value="60000"/>
        <!-- <property name="poolPreparedStatements" value="true" /> <property
            name="maxPoolPreparedStatementPerConnectionSize" value="33" /> -->
        <property name="validationQuery" value="${validationQuery}"/>
        <property name="testOnBorrow" value="false"/>
        <property name="testOnReturn" value="false"/>
        <property name="testWhileIdle" value="true"/>

        <!-- 配置间隔多久才进行一次检测，检测需要关闭的空闲连接，单位是毫秒 -->
        <property name="timeBetweenEvictionRunsMillis" value="60000"/>
        <!-- 配置一个连接在池中最小生存的时间，单位是毫秒 -->
        <property name="minEvictableIdleTimeMillis" value="25200000"/>

        <!-- 打开removeAbandoned功能 -->
        <property name="removeAbandoned" value="true"/>
        <!-- 1800秒，也就是30分钟 -->
        <property name="removeAbandonedTimeout" value="1800"/>
        <!-- 关闭abanded连接时输出错误日志 -->
        <property name="logAbandoned" value="true"/>

        <!-- 开启Druid的监控统计功能 -->
        <property name="filters" value="stat"/>
        <!--<property name="filters" value="mergeStat" /> -->
        <!-- Oracle连接是获取字段注释 -->
        <property name="connectProperties">
            <props>
                <prop key="remarksReporting">true</prop>
            </props>
        </property>
    </bean>

    <!-- myBatis文件 -->
    <bean id="sqlSessionFactory" class="org.mybatis.spring.SqlSessionFactoryBean">
        <property name="dataSource" ref="dataSource"/>
        <!-- mapper扫描 -->
        <property name="mapperLocations">
            <array>
                <value>classpath:dao/resources/**/*Mapper.xml</value>
            </array>
        </property>
        <!--<property name="configLocation" value="classpath:mybatis-config.xml"/>-->
    </bean>

    <!-- 扫描所有自定义DAO -->
    <bean class="org.mybatis.spring.mapper.MapperScannerConfigurer">
        <property name="basePackage" value="dao.java"/>
        <property name="sqlSessionFactoryBeanName" value="sqlSessionFactory"/>
        <property name="annotationClass" value="org.springframework.stereotype.Repository"/>
    </bean>

    <!-- 获取 SqlSessionTemplate-->
    <bean id="sqlSessionTemplate" class="org.mybatis.spring.SqlSessionTemplate" scope="prototype">
        <constructor-arg index="0" ref="sqlSessionFactory"/>
    </bean>

    <!-- 获取 sqlSessionFactory-->
    <!--<bean class="com.lifeshs.utils.SqlSessionFactoryUtils">-->
        <!--<property name="sqlSessionFactory" ref="sqlSessionFactory"/>-->
    <!--</bean>-->

</beans>