<?xml version="1.0" encoding="UTF-8"?>
<project name="blog" default="all">
  
  
  <property file="blog.properties"/>
  <!-- Uncomment the following property if no tests compilation is needed -->
  <!-- 
  <property name="skip.tests" value="true"/>
   -->
  
  <!-- Compiler options -->
  
  <property name="compiler.debug" value="on"/>
  <property name="compiler.generate.no.warnings" value="off"/>
  <property name="compiler.args" value=""/>
  <property name="compiler.max.memory" value="700m"/>
  <patternset id="ignored.files">
    <exclude name="**/*.hprof/**"/>
    <exclude name="**/*.pyc/**"/>
    <exclude name="**/*.pyo/**"/>
    <exclude name="**/*.rbc/**"/>
    <exclude name="**/*.yarb/**"/>
    <exclude name="**/*~/**"/>
    <exclude name="**/.DS_Store/**"/>
    <exclude name="**/.git/**"/>
    <exclude name="**/.hg/**"/>
    <exclude name="**/.svn/**"/>
    <exclude name="**/CVS/**"/>
    <exclude name="**/__pycache__/**"/>
    <exclude name="**/_svn/**"/>
    <exclude name="**/vssver.scc/**"/>
    <exclude name="**/vssver2.scc/**"/>
  </patternset>
  <patternset id="library.patterns">
    <include name="*.egg"/>
    <include name="*.jar"/>
    <include name="*.ear"/>
    <include name="*.swc"/>
    <include name="*.war"/>
    <include name="*.ane"/>
    <include name="*.zip"/>
  </patternset>
  <patternset id="compiler.resources">
    <exclude name="**/?*.java"/>
    <exclude name="**/?*.form"/>
    <exclude name="**/?*.class"/>
    <exclude name="**/?*.groovy"/>
    <exclude name="**/?*.scala"/>
    <exclude name="**/?*.flex"/>
    <exclude name="**/?*.kt"/>
    <exclude name="**/?*.clj"/>
    <exclude name="**/?*.aj"/>
  </patternset>
  
  <!-- JDK definitions -->
  
  <property name="jdk.bin.1.8" value="${jdk.home.1.8}/bin"/>
  <path id="jdk.classpath.1.8">
    <fileset dir="${jdk.home.1.8}">
      <include name="jre/lib/charsets.jar"/>
      <include name="jre/lib/deploy.jar"/>
      <include name="jre/lib/ext/cldrdata.jar"/>
      <include name="jre/lib/ext/dnsns.jar"/>
      <include name="jre/lib/ext/jaccess.jar"/>
      <include name="jre/lib/ext/jfxrt.jar"/>
      <include name="jre/lib/ext/localedata.jar"/>
      <include name="jre/lib/ext/nashorn.jar"/>
      <include name="jre/lib/ext/sunec.jar"/>
      <include name="jre/lib/ext/sunjce_provider.jar"/>
      <include name="jre/lib/ext/sunpkcs11.jar"/>
      <include name="jre/lib/ext/zipfs.jar"/>
      <include name="jre/lib/javaws.jar"/>
      <include name="jre/lib/jce.jar"/>
      <include name="jre/lib/jfr.jar"/>
      <include name="jre/lib/jfxswt.jar"/>
      <include name="jre/lib/jsse.jar"/>
      <include name="jre/lib/management-agent.jar"/>
      <include name="jre/lib/plugin.jar"/>
      <include name="jre/lib/resources.jar"/>
      <include name="jre/lib/rt.jar"/>
    </fileset>
  </path>
  
  <property name="project.jdk.home" value="${jdk.home.1.8}"/>
  <property name="project.jdk.bin" value="${jdk.bin.1.8}"/>
  <property name="project.jdk.classpath" value="jdk.classpath.1.8"/>
  
  
  <!-- Project Libraries -->
  
  <path id="library.maven:_com.alibaba:druid:1.0.28.classpath">
    <pathelement location="${path.variable.maven_repository}/com/alibaba/druid/1.0.28/druid-1.0.28.jar"/>
  </path>
  
  <path id="library.maven:_com.alibaba:fastjson:1.2.24.classpath">
    <pathelement location="${path.variable.maven_repository}/com/alibaba/fastjson/1.2.24/fastjson-1.2.24.jar"/>
  </path>
  
  <path id="library.maven:_com.google.code.findbugs:jsr305:3.0.1.classpath">
    <pathelement location="${path.variable.maven_repository}/com/google/code/findbugs/jsr305/3.0.1/jsr305-3.0.1.jar"/>
  </path>
  
  <path id="library.maven:_com.sun.mail:javax.mail:1.5.6.classpath">
    <pathelement location="${path.variable.maven_repository}/com/sun/mail/javax.mail/1.5.6/javax.mail-1.5.6.jar"/>
  </path>
  
  <path id="library.maven:_commons-beanutils:commons-beanutils:1.9.3.classpath">
    <pathelement location="${path.variable.maven_repository}/commons-beanutils/commons-beanutils/1.9.3/commons-beanutils-1.9.3.jar"/>
  </path>
  
  <path id="library.maven:_commons-collections:commons-collections:3.2.2.classpath">
    <pathelement location="${path.variable.maven_repository}/commons-collections/commons-collections/3.2.2/commons-collections-3.2.2.jar"/>
  </path>
  
  <path id="library.maven:_commons-lang:commons-lang:2.5.classpath">
    <pathelement location="${path.variable.maven_repository}/commons-lang/commons-lang/2.5/commons-lang-2.5.jar"/>
  </path>
  
  <path id="library.maven:_commons-logging:commons-logging:1.2.classpath">
    <pathelement location="${path.variable.maven_repository}/commons-logging/commons-logging/1.2/commons-logging-1.2.jar"/>
  </path>
  
  <path id="library.maven:_javax.activation:activation:1.1.classpath">
    <pathelement location="${path.variable.maven_repository}/javax/activation/activation/1.1/activation-1.1.jar"/>
  </path>
  
  <path id="library.maven:_javax.servlet.jsp:javax.servlet.jsp-api:2.3.1.classpath">
    <pathelement location="${path.variable.maven_repository}/javax/servlet/jsp/javax.servlet.jsp-api/2.3.1/javax.servlet.jsp-api-2.3.1.jar"/>
  </path>
  
  <path id="library.maven:_javax:javaee-api:7.0.classpath">
    <pathelement location="${path.variable.maven_repository}/javax/javaee-api/7.0/javaee-api-7.0.jar"/>
  </path>
  
  <path id="library.maven:_junit:junit:3.8.1.classpath">
    <pathelement location="${path.variable.maven_repository}/junit/junit/3.8.1/junit-3.8.1.jar"/>
  </path>
  
  <path id="library.maven:_log4j:log4j:1.2.17.classpath">
    <pathelement location="${path.variable.maven_repository}/log4j/log4j/1.2.17/log4j-1.2.17.jar"/>
  </path>
  
  <path id="library.maven:_mysql:mysql-connector-java:5.1.41.classpath">
    <pathelement location="${path.variable.maven_repository}/mysql/mysql-connector-java/5.1.41/mysql-connector-java-5.1.41.jar"/>
  </path>
  
  <path id="library.maven:_net.sf.ehcache:ehcache-core:2.5.3.classpath">
    <pathelement location="${path.variable.maven_repository}/net/sf/ehcache/ehcache-core/2.5.3/ehcache-core-2.5.3.jar"/>
  </path>
  
  <path id="library.maven:_net.sf.ezmorph:ezmorph:1.0.6.classpath">
    <pathelement location="${path.variable.maven_repository}/net/sf/ezmorph/ezmorph/1.0.6/ezmorph-1.0.6.jar"/>
  </path>
  
  <path id="library.maven:_net.sf.json-lib:json-lib:jdk15:2.4.classpath">
    <pathelement location="${path.variable.maven_repository}/net/sf/json-lib/json-lib/2.4/json-lib-2.4-jdk15.jar"/>
  </path>
  
  <path id="library.maven:_org.apache.commons:commons-lang3:3.5.classpath">
    <pathelement location="${path.variable.maven_repository}/org/apache/commons/commons-lang3/3.5/commons-lang3-3.5.jar"/>
  </path>
  
  <path id="library.maven:_org.apache.shiro:shiro-core:1.2.2.classpath">
    <pathelement location="${path.variable.maven_repository}/org/apache/shiro/shiro-core/1.2.2/shiro-core-1.2.2.jar"/>
  </path>
  
  <path id="library.maven:_org.apache.shiro:shiro-ehcache:1.3.0.classpath">
    <pathelement location="${path.variable.maven_repository}/org/apache/shiro/shiro-ehcache/1.3.0/shiro-ehcache-1.3.0.jar"/>
  </path>
  
  <path id="library.maven:_org.apache.shiro:shiro-spring:1.2.2.classpath">
    <pathelement location="${path.variable.maven_repository}/org/apache/shiro/shiro-spring/1.2.2/shiro-spring-1.2.2.jar"/>
  </path>
  
  <path id="library.maven:_org.apache.shiro:shiro-web:1.2.2.classpath">
    <pathelement location="${path.variable.maven_repository}/org/apache/shiro/shiro-web/1.2.2/shiro-web-1.2.2.jar"/>
  </path>
  
  <path id="library.maven:_org.aspectj:aspectjweaver:1.8.10.classpath">
    <pathelement location="${path.variable.maven_repository}/org/aspectj/aspectjweaver/1.8.10/aspectjweaver-1.8.10.jar"/>
  </path>
  
  <path id="library.maven:_org.freemarker:freemarker:2.3.23.classpath">
    <pathelement location="${path.variable.maven_repository}/org/freemarker/freemarker/2.3.23/freemarker-2.3.23.jar"/>
  </path>
  
  <path id="library.maven:_org.json:json:20160810.classpath">
    <pathelement location="${path.variable.maven_repository}/org/json/json/20160810/json-20160810.jar"/>
  </path>
  
  <path id="library.maven:_org.mybatis:mybatis-spring:1.3.1.classpath">
    <pathelement location="${path.variable.maven_repository}/org/mybatis/mybatis-spring/1.3.1/mybatis-spring-1.3.1.jar"/>
  </path>
  
  <path id="library.maven:_org.mybatis:mybatis:3.4.1.classpath">
    <pathelement location="${path.variable.maven_repository}/org/mybatis/mybatis/3.4.1/mybatis-3.4.1.jar"/>
  </path>
  
  <path id="library.maven:_org.slf4j:slf4j-api:1.7.25.classpath">
    <pathelement location="${path.variable.maven_repository}/org/slf4j/slf4j-api/1.7.25/slf4j-api-1.7.25.jar"/>
  </path>
  
  <path id="library.maven:_org.springframework:spring-aop:4.3.8.release.classpath">
    <pathelement location="${path.variable.maven_repository}/org/springframework/spring-aop/4.3.5.RELEASE/spring-aop-4.3.5.RELEASE.jar"/>
    <pathelement location="${path.variable.maven_repository}/org/springframework/spring-aop/4.3.8.RELEASE/spring-aop-4.3.8.RELEASE.jar"/>
  </path>
  
  <path id="library.maven:_org.springframework:spring-aspects:4.3.12.release.classpath">
    <pathelement location="${path.variable.maven_repository}/org/springframework/spring-aspects/4.3.12.RELEASE/spring-aspects-4.3.12.RELEASE.jar"/>
  </path>
  
  <path id="library.maven:_org.springframework:spring-beans:4.3.5.release.classpath">
    <pathelement location="${path.variable.maven_repository}/org/springframework/spring-beans/4.3.5.RELEASE/spring-beans-4.3.5.RELEASE.jar"/>
  </path>
  
  <path id="library.maven:_org.springframework:spring-context-support:4.3.5.release.classpath">
    <pathelement location="${path.variable.maven_repository}/org/springframework/spring-context-support/4.3.5.RELEASE/spring-context-support-4.3.5.RELEASE.jar"/>
  </path>
  
  <path id="library.maven:_org.springframework:spring-context:4.3.5.release.classpath">
    <pathelement location="${path.variable.maven_repository}/org/springframework/spring-context/4.3.5.RELEASE/spring-context-4.3.5.RELEASE.jar"/>
  </path>
  
  <path id="library.maven:_org.springframework:spring-core:4.3.5.release.classpath">
    <pathelement location="${path.variable.maven_repository}/org/springframework/spring-core/4.3.5.RELEASE/spring-core-4.3.5.RELEASE.jar"/>
  </path>
  
  <path id="library.maven:_org.springframework:spring-expression:4.3.8.release.classpath">
    <pathelement location="${path.variable.maven_repository}/org/springframework/spring-expression/4.3.8.RELEASE/spring-expression-4.3.8.RELEASE.jar"/>
  </path>
  
  <path id="library.maven:_org.springframework:spring-jdbc:4.3.5.release.classpath">
    <pathelement location="${path.variable.maven_repository}/org/springframework/spring-jdbc/4.3.5.RELEASE/spring-jdbc-4.3.5.RELEASE.jar"/>
  </path>
  
  <path id="library.maven:_org.springframework:spring-oxm:4.3.5.release.classpath">
    <pathelement location="${path.variable.maven_repository}/org/springframework/spring-oxm/4.3.5.RELEASE/spring-oxm-4.3.5.RELEASE.jar"/>
  </path>
  
  <path id="library.maven:_org.springframework:spring-tx:4.3.8.release.classpath">
    <pathelement location="${path.variable.maven_repository}/org/springframework/spring-tx/4.3.8.RELEASE/spring-tx-4.3.8.RELEASE.jar"/>
  </path>
  
  <path id="library.maven:_org.springframework:spring-web:4.3.5.release.classpath">
    <pathelement location="${path.variable.maven_repository}/org/springframework/spring-web/4.3.5.RELEASE/spring-web-4.3.5.RELEASE.jar"/>
  </path>
  
  <path id="library.maven:_org.springframework:spring-webmvc:4.3.5.release.classpath">
    <pathelement location="${path.variable.maven_repository}/org/springframework/spring-webmvc/4.3.5.RELEASE/spring-webmvc-4.3.5.RELEASE.jar"/>
  </path>
  
  <path id="library.spring-aop-4.3.12.release.classpath">
    <pathelement location="${basedir}/../jar/spring-aop-4.3.12.RELEASE.jar"/>
  </path>
  
  
  <!-- Application Server Libraries -->
  <!-- Register Custom Compiler Taskdefs -->
  <property name="javac2.home" value="${idea.home}/lib"/>
  <path id="javac2.classpath">
    <pathelement location="${javac2.home}/javac2.jar"/>
    <pathelement location="${javac2.home}/jdom.jar"/>
    <pathelement location="${javac2.home}/asm-all.jar"/>
    <pathelement location="${javac2.home}/jgoodies-forms.jar"/>
  </path>
  <target name="register.custom.compilers">
    <taskdef name="javac2" classname="com.intellij.ant.Javac2" classpathref="javac2.classpath"/>
    <taskdef name="instrumentIdeaExtensions" classname="com.intellij.ant.InstrumentIdeaExtensions" classpathref="javac2.classpath"/>
  </target>
  
  <!-- Modules -->
  
  <import file="${basedir}/module_blog.xml"/>
  
  <target name="init" description="Build initialization">
    <!-- Perform any build initialization in this target -->
  </target>
  
  <target name="clean" depends="clean.module.blog, clean.artifact.blog:war_exploded" description="cleanup all"/>
  
  <target name="build.modules" depends="init, clean, compile.module.blog" description="build all modules"/>
  
  <target name="init.artifacts">
    <property name="artifacts.temp.dir" value="${basedir}/__artifacts_temp"/>
    <property name="artifact.output.blog:war_exploded" value="${basedir}/target/classes"/>
    <mkdir dir="${artifacts.temp.dir}"/>
  </target>
  
  <target name="clean.artifact.blog:war_exploded" description="clean blog:war exploded artifact output">
    <delete dir="${artifact.output.blog:war_exploded}"/>
  </target>
  
  <target name="artifact.blog:war_exploded" depends="init.artifacts, compile.module.blog" description="Build &#39;blog:war exploded&#39; artifact">
    <mkdir dir="${artifact.output.blog:war_exploded}"/>
    <copy todir="${artifact.output.blog:war_exploded}">
      <fileset dir="${basedir}/src/webapp"/>
    </copy>
    <mkdir dir="${artifact.output.blog:war_exploded}/WEB-INF"/>
    <copy file="${basedir}/src/webapp/WEB-INF/web.xml" tofile="${artifact.output.blog:war_exploded}/WEB-INF/web.xml"/>
    <mkdir dir="${artifact.output.blog:war_exploded}/WEB-INF"/>
    <mkdir dir="${artifact.output.blog:war_exploded}/WEB-INF/classes"/>
    <copy todir="${artifact.output.blog:war_exploded}/WEB-INF/classes">
      <fileset dir="${blog.output.dir}"/>
    </copy>
    <mkdir dir="${artifact.output.blog:war_exploded}/WEB-INF/lib"/>
    <copy file="${path.variable.maven_repository}/com/alibaba/druid/1.0.28/druid-1.0.28.jar" tofile="${artifact.output.blog:war_exploded}/WEB-INF/lib/druid-1.0.28.jar"/>
    <copy file="${path.variable.maven_repository}/com/alibaba/fastjson/1.2.24/fastjson-1.2.24.jar" tofile="${artifact.output.blog:war_exploded}/WEB-INF/lib/fastjson-1.2.24.jar"/>
    <copy file="${path.variable.maven_repository}/com/google/code/findbugs/jsr305/3.0.1/jsr305-3.0.1.jar" tofile="${artifact.output.blog:war_exploded}/WEB-INF/lib/jsr305-3.0.1.jar"/>
    <copy file="${path.variable.maven_repository}/com/sun/mail/javax.mail/1.5.6/javax.mail-1.5.6.jar" tofile="${artifact.output.blog:war_exploded}/WEB-INF/lib/javax.mail-1.5.6.jar"/>
    <copy file="${path.variable.maven_repository}/commons-beanutils/commons-beanutils/1.9.3/commons-beanutils-1.9.3.jar" tofile="${artifact.output.blog:war_exploded}/WEB-INF/lib/commons-beanutils-1.9.3.jar"/>
    <copy file="${path.variable.maven_repository}/commons-collections/commons-collections/3.2.2/commons-collections-3.2.2.jar" tofile="${artifact.output.blog:war_exploded}/WEB-INF/lib/commons-collections-3.2.2.jar"/>
    <copy file="${path.variable.maven_repository}/commons-lang/commons-lang/2.5/commons-lang-2.5.jar" tofile="${artifact.output.blog:war_exploded}/WEB-INF/lib/commons-lang-2.5.jar"/>
    <copy file="${path.variable.maven_repository}/commons-logging/commons-logging/1.2/commons-logging-1.2.jar" tofile="${artifact.output.blog:war_exploded}/WEB-INF/lib/commons-logging-1.2.jar"/>
    <copy file="${path.variable.maven_repository}/javax/activation/activation/1.1/activation-1.1.jar" tofile="${artifact.output.blog:war_exploded}/WEB-INF/lib/activation-1.1.jar"/>
    <copy file="${path.variable.maven_repository}/javax/servlet/jsp/javax.servlet.jsp-api/2.3.1/javax.servlet.jsp-api-2.3.1.jar" tofile="${artifact.output.blog:war_exploded}/WEB-INF/lib/javax.servlet.jsp-api-2.3.1.jar"/>
    <copy file="${path.variable.maven_repository}/javax/javaee-api/7.0/javaee-api-7.0.jar" tofile="${artifact.output.blog:war_exploded}/WEB-INF/lib/javaee-api-7.0.jar"/>
    <copy file="${path.variable.maven_repository}/junit/junit/3.8.1/junit-3.8.1.jar" tofile="${artifact.output.blog:war_exploded}/WEB-INF/lib/junit-3.8.1.jar"/>
    <copy file="${path.variable.maven_repository}/log4j/log4j/1.2.17/log4j-1.2.17.jar" tofile="${artifact.output.blog:war_exploded}/WEB-INF/lib/log4j-1.2.17.jar"/>
    <copy file="${path.variable.maven_repository}/mysql/mysql-connector-java/5.1.41/mysql-connector-java-5.1.41.jar" tofile="${artifact.output.blog:war_exploded}/WEB-INF/lib/mysql-connector-java-5.1.41.jar"/>
    <copy file="${path.variable.maven_repository}/net/sf/ehcache/ehcache-core/2.5.3/ehcache-core-2.5.3.jar" tofile="${artifact.output.blog:war_exploded}/WEB-INF/lib/ehcache-core-2.5.3.jar"/>
    <copy file="${path.variable.maven_repository}/net/sf/ezmorph/ezmorph/1.0.6/ezmorph-1.0.6.jar" tofile="${artifact.output.blog:war_exploded}/WEB-INF/lib/ezmorph-1.0.6.jar"/>
    <copy file="${path.variable.maven_repository}/net/sf/json-lib/json-lib/2.4/json-lib-2.4-jdk15.jar" tofile="${artifact.output.blog:war_exploded}/WEB-INF/lib/json-lib-2.4-jdk15.jar"/>
    <copy file="${path.variable.maven_repository}/org/apache/commons/commons-lang3/3.5/commons-lang3-3.5.jar" tofile="${artifact.output.blog:war_exploded}/WEB-INF/lib/commons-lang3-3.5.jar"/>
    <copy file="${path.variable.maven_repository}/org/apache/shiro/shiro-core/1.2.2/shiro-core-1.2.2.jar" tofile="${artifact.output.blog:war_exploded}/WEB-INF/lib/shiro-core-1.2.2.jar"/>
    <copy file="${path.variable.maven_repository}/org/apache/shiro/shiro-ehcache/1.3.0/shiro-ehcache-1.3.0.jar" tofile="${artifact.output.blog:war_exploded}/WEB-INF/lib/shiro-ehcache-1.3.0.jar"/>
    <copy file="${path.variable.maven_repository}/org/apache/shiro/shiro-spring/1.2.2/shiro-spring-1.2.2.jar" tofile="${artifact.output.blog:war_exploded}/WEB-INF/lib/shiro-spring-1.2.2.jar"/>
    <copy file="${path.variable.maven_repository}/org/apache/shiro/shiro-web/1.2.2/shiro-web-1.2.2.jar" tofile="${artifact.output.blog:war_exploded}/WEB-INF/lib/shiro-web-1.2.2.jar"/>
    <copy file="${path.variable.maven_repository}/org/freemarker/freemarker/2.3.23/freemarker-2.3.23.jar" tofile="${artifact.output.blog:war_exploded}/WEB-INF/lib/freemarker-2.3.23.jar"/>
    <copy file="${path.variable.maven_repository}/org/json/json/20160810/json-20160810.jar" tofile="${artifact.output.blog:war_exploded}/WEB-INF/lib/json-20160810.jar"/>
    <copy file="${path.variable.maven_repository}/org/mybatis/mybatis-spring/1.3.1/mybatis-spring-1.3.1.jar" tofile="${artifact.output.blog:war_exploded}/WEB-INF/lib/mybatis-spring-1.3.1.jar"/>
    <copy file="${path.variable.maven_repository}/org/mybatis/mybatis/3.4.1/mybatis-3.4.1.jar" tofile="${artifact.output.blog:war_exploded}/WEB-INF/lib/mybatis-3.4.1.jar"/>
    <copy file="${path.variable.maven_repository}/org/slf4j/slf4j-api/1.7.25/slf4j-api-1.7.25.jar" tofile="${artifact.output.blog:war_exploded}/WEB-INF/lib/slf4j-api-1.7.25.jar"/>
    <copy file="${path.variable.maven_repository}/org/springframework/spring-aop/4.3.8.RELEASE/spring-aop-4.3.8.RELEASE.jar" tofile="${artifact.output.blog:war_exploded}/WEB-INF/lib/spring-aop-4.3.8.RELEASE.jar"/>
    <copy file="${path.variable.maven_repository}/org/springframework/spring-aop/4.3.5.RELEASE/spring-aop-4.3.5.RELEASE.jar" tofile="${artifact.output.blog:war_exploded}/WEB-INF/lib/spring-aop-4.3.5.RELEASE.jar"/>
    <copy file="${path.variable.maven_repository}/org/springframework/spring-beans/4.3.5.RELEASE/spring-beans-4.3.5.RELEASE.jar" tofile="${artifact.output.blog:war_exploded}/WEB-INF/lib/spring-beans-4.3.5.RELEASE.jar"/>
    <copy file="${path.variable.maven_repository}/org/springframework/spring-context-support/4.3.5.RELEASE/spring-context-support-4.3.5.RELEASE.jar" tofile="${artifact.output.blog:war_exploded}/WEB-INF/lib/spring-context-support-4.3.5.RELEASE.jar"/>
    <copy file="${path.variable.maven_repository}/org/springframework/spring-context/4.3.5.RELEASE/spring-context-4.3.5.RELEASE.jar" tofile="${artifact.output.blog:war_exploded}/WEB-INF/lib/spring-context-4.3.5.RELEASE.jar"/>
    <copy file="${path.variable.maven_repository}/org/springframework/spring-core/4.3.5.RELEASE/spring-core-4.3.5.RELEASE.jar" tofile="${artifact.output.blog:war_exploded}/WEB-INF/lib/spring-core-4.3.5.RELEASE.jar"/>
    <copy file="${path.variable.maven_repository}/org/springframework/spring-expression/4.3.8.RELEASE/spring-expression-4.3.8.RELEASE.jar" tofile="${artifact.output.blog:war_exploded}/WEB-INF/lib/spring-expression-4.3.8.RELEASE.jar"/>
    <copy file="${path.variable.maven_repository}/org/springframework/spring-jdbc/4.3.5.RELEASE/spring-jdbc-4.3.5.RELEASE.jar" tofile="${artifact.output.blog:war_exploded}/WEB-INF/lib/spring-jdbc-4.3.5.RELEASE.jar"/>
    <copy file="${path.variable.maven_repository}/org/springframework/spring-oxm/4.3.5.RELEASE/spring-oxm-4.3.5.RELEASE.jar" tofile="${artifact.output.blog:war_exploded}/WEB-INF/lib/spring-oxm-4.3.5.RELEASE.jar"/>
    <copy file="${path.variable.maven_repository}/org/springframework/spring-tx/4.3.8.RELEASE/spring-tx-4.3.8.RELEASE.jar" tofile="${artifact.output.blog:war_exploded}/WEB-INF/lib/spring-tx-4.3.8.RELEASE.jar"/>
    <copy file="${path.variable.maven_repository}/org/springframework/spring-web/4.3.5.RELEASE/spring-web-4.3.5.RELEASE.jar" tofile="${artifact.output.blog:war_exploded}/WEB-INF/lib/spring-web-4.3.5.RELEASE.jar"/>
    <copy file="${path.variable.maven_repository}/org/springframework/spring-webmvc/4.3.5.RELEASE/spring-webmvc-4.3.5.RELEASE.jar" tofile="${artifact.output.blog:war_exploded}/WEB-INF/lib/spring-webmvc-4.3.5.RELEASE.jar"/>
  </target>
  
  <target name="build.all.artifacts" depends="artifact.blog:war_exploded" description="Build all artifacts">
    
    <!-- Delete temporary files -->
    <delete dir="${artifacts.temp.dir}"/>
  </target>
  
  <target name="all" depends="build.modules, build.all.artifacts" description="build all"/>
</project>