<?xml version="1.0" encoding="UTF-8"?>
<project name="module_blog" default="compile.module.blog">
  <dirname property="module.blog.basedir" file="${ant.file.module_blog}"/>
  
  <property name="module.jdk.home.blog" value="${project.jdk.home}"/>
  <property name="module.jdk.bin.blog" value="${project.jdk.bin}"/>
  <property name="module.jdk.classpath.blog" value="${project.jdk.classpath}"/>
  
  <property name="compiler.args.blog" value="-encoding UTF-8 -source 1.5 -target 1.5 ${compiler.args}"/>
  
  <property name="blog.output.dir" value="${module.blog.basedir}/target/classes"/>
  <property name="blog.testoutput.dir" value="${module.blog.basedir}/target/test-classes"/>
  
  <path id="blog.module.bootclasspath">
    <!-- Paths to be included in compilation bootclasspath -->
  </path>
  
  <path id="blog.module.production.classpath">
    <path refid="${module.jdk.classpath.blog}"/>
    <path refid="library.spring-aop-4.3.12.release.classpath"/>
    <path refid="library.maven:_org.springframework:spring-core:4.3.5.release.classpath"/>
    <path refid="library.maven:_commons-logging:commons-logging:1.2.classpath"/>
    <path refid="library.maven:_org.springframework:spring-beans:4.3.5.release.classpath"/>
    <path refid="library.maven:_org.springframework:spring-context:4.3.5.release.classpath"/>
    <path refid="library.maven:_org.springframework:spring-aop:4.3.8.release.classpath"/>
    <path refid="library.maven:_org.springframework:spring-expression:4.3.8.release.classpath"/>
    <path refid="library.maven:_org.springframework:spring-web:4.3.5.release.classpath"/>
    <path refid="library.maven:_org.springframework:spring-webmvc:4.3.5.release.classpath"/>
    <path refid="library.maven:_org.freemarker:freemarker:2.3.23.classpath"/>
    <path refid="library.maven:_org.springframework:spring-oxm:4.3.5.release.classpath"/>
    <path refid="library.maven:_org.springframework:spring-context-support:4.3.5.release.classpath"/>
    <path refid="library.maven:_org.springframework:spring-jdbc:4.3.5.release.classpath"/>
    <path refid="library.maven:_org.springframework:spring-tx:4.3.8.release.classpath"/>
    <path refid="library.maven:_log4j:log4j:1.2.17.classpath"/>
    <path refid="library.maven:_org.apache.commons:commons-lang3:3.5.classpath"/>
    <path refid="library.maven:_net.sf.json-lib:json-lib:jdk15:2.4.classpath"/>
    <path refid="library.maven:_commons-beanutils:commons-beanutils:1.9.3.classpath"/>
    <path refid="library.maven:_commons-collections:commons-collections:3.2.2.classpath"/>
    <path refid="library.maven:_commons-lang:commons-lang:2.5.classpath"/>
    <path refid="library.maven:_net.sf.ezmorph:ezmorph:1.0.6.classpath"/>
    <path refid="library.maven:_mysql:mysql-connector-java:5.1.41.classpath"/>
    <path refid="library.maven:_org.apache.shiro:shiro-core:1.2.2.classpath"/>
    <path refid="library.maven:_org.slf4j:slf4j-api:1.7.25.classpath"/>
    <path refid="library.maven:_org.apache.shiro:shiro-web:1.2.2.classpath"/>
    <path refid="library.maven:_org.apache.shiro:shiro-spring:1.2.2.classpath"/>
    <path refid="library.maven:_org.apache.shiro:shiro-ehcache:1.3.0.classpath"/>
    <path refid="library.maven:_net.sf.ehcache:ehcache-core:2.5.3.classpath"/>
    <path refid="library.maven:_com.google.code.findbugs:jsr305:3.0.1.classpath"/>
    <path refid="library.maven:_org.mybatis:mybatis:3.4.1.classpath"/>
    <path refid="library.maven:_org.mybatis:mybatis-spring:1.3.1.classpath"/>
    <path refid="library.maven:_com.alibaba:druid:1.0.28.classpath"/>
    <pathelement location="${basedir}/../../soft/jdk1.8/lib/jconsole.jar"/>
    <pathelement location="${basedir}/../../soft/jdk1.8/lib/tools.jar"/>
    <path refid="library.maven:_org.json:json:20160810.classpath"/>
    <path refid="library.maven:_com.alibaba:fastjson:1.2.24.classpath"/>
    <path refid="library.maven:_javax.servlet.jsp:javax.servlet.jsp-api:2.3.1.classpath"/>
    <path refid="library.maven:_javax:javaee-api:7.0.classpath"/>
    <path refid="library.maven:_com.sun.mail:javax.mail:1.5.6.classpath"/>
    <path refid="library.maven:_javax.activation:activation:1.1.classpath"/>
    <path refid="library.maven:_org.springframework:spring-aspects:4.3.12.release.classpath"/>
    <path refid="library.maven:_org.aspectj:aspectjweaver:1.8.10.classpath"/>
  </path>
  
  <path id="blog.runtime.production.module.classpath">
    <pathelement location="${blog.output.dir}"/>
    <path refid="library.spring-aop-4.3.12.release.classpath"/>
    <path refid="library.maven:_org.springframework:spring-core:4.3.5.release.classpath"/>
    <path refid="library.maven:_commons-logging:commons-logging:1.2.classpath"/>
    <path refid="library.maven:_org.springframework:spring-beans:4.3.5.release.classpath"/>
    <path refid="library.maven:_org.springframework:spring-context:4.3.5.release.classpath"/>
    <path refid="library.maven:_org.springframework:spring-aop:4.3.8.release.classpath"/>
    <path refid="library.maven:_org.springframework:spring-expression:4.3.8.release.classpath"/>
    <path refid="library.maven:_org.springframework:spring-web:4.3.5.release.classpath"/>
    <path refid="library.maven:_org.springframework:spring-webmvc:4.3.5.release.classpath"/>
    <path refid="library.maven:_org.freemarker:freemarker:2.3.23.classpath"/>
    <path refid="library.maven:_org.springframework:spring-oxm:4.3.5.release.classpath"/>
    <path refid="library.maven:_org.springframework:spring-context-support:4.3.5.release.classpath"/>
    <path refid="library.maven:_org.springframework:spring-jdbc:4.3.5.release.classpath"/>
    <path refid="library.maven:_org.springframework:spring-tx:4.3.8.release.classpath"/>
    <path refid="library.maven:_log4j:log4j:1.2.17.classpath"/>
    <path refid="library.maven:_org.apache.commons:commons-lang3:3.5.classpath"/>
    <path refid="library.maven:_net.sf.json-lib:json-lib:jdk15:2.4.classpath"/>
    <path refid="library.maven:_commons-beanutils:commons-beanutils:1.9.3.classpath"/>
    <path refid="library.maven:_commons-collections:commons-collections:3.2.2.classpath"/>
    <path refid="library.maven:_commons-lang:commons-lang:2.5.classpath"/>
    <path refid="library.maven:_net.sf.ezmorph:ezmorph:1.0.6.classpath"/>
    <path refid="library.maven:_mysql:mysql-connector-java:5.1.41.classpath"/>
    <path refid="library.maven:_org.apache.shiro:shiro-core:1.2.2.classpath"/>
    <path refid="library.maven:_org.slf4j:slf4j-api:1.7.25.classpath"/>
    <path refid="library.maven:_org.apache.shiro:shiro-web:1.2.2.classpath"/>
    <path refid="library.maven:_org.apache.shiro:shiro-spring:1.2.2.classpath"/>
    <path refid="library.maven:_org.apache.shiro:shiro-ehcache:1.3.0.classpath"/>
    <path refid="library.maven:_net.sf.ehcache:ehcache-core:2.5.3.classpath"/>
    <path refid="library.maven:_com.google.code.findbugs:jsr305:3.0.1.classpath"/>
    <path refid="library.maven:_org.mybatis:mybatis:3.4.1.classpath"/>
    <path refid="library.maven:_org.mybatis:mybatis-spring:1.3.1.classpath"/>
    <path refid="library.maven:_com.alibaba:druid:1.0.28.classpath"/>
    <pathelement location="${basedir}/../../soft/jdk1.8/lib/jconsole.jar"/>
    <pathelement location="${basedir}/../../soft/jdk1.8/lib/tools.jar"/>
    <path refid="library.maven:_org.json:json:20160810.classpath"/>
    <path refid="library.maven:_com.alibaba:fastjson:1.2.24.classpath"/>
    <path refid="library.maven:_javax.servlet.jsp:javax.servlet.jsp-api:2.3.1.classpath"/>
    <path refid="library.maven:_org.springframework:spring-aspects:4.3.12.release.classpath"/>
    <path refid="library.maven:_org.aspectj:aspectjweaver:1.8.10.classpath"/>
  </path>
  
  <path id="blog.module.classpath">
    <path refid="${module.jdk.classpath.blog}"/>
    <pathelement location="${blog.output.dir}"/>
    <path refid="library.spring-aop-4.3.12.release.classpath"/>
    <path refid="library.maven:_junit:junit:3.8.1.classpath"/>
    <path refid="library.maven:_org.springframework:spring-core:4.3.5.release.classpath"/>
    <path refid="library.maven:_commons-logging:commons-logging:1.2.classpath"/>
    <path refid="library.maven:_org.springframework:spring-beans:4.3.5.release.classpath"/>
    <path refid="library.maven:_org.springframework:spring-context:4.3.5.release.classpath"/>
    <path refid="library.maven:_org.springframework:spring-aop:4.3.8.release.classpath"/>
    <path refid="library.maven:_org.springframework:spring-expression:4.3.8.release.classpath"/>
    <path refid="library.maven:_org.springframework:spring-web:4.3.5.release.classpath"/>
    <path refid="library.maven:_org.springframework:spring-webmvc:4.3.5.release.classpath"/>
    <path refid="library.maven:_org.freemarker:freemarker:2.3.23.classpath"/>
    <path refid="library.maven:_org.springframework:spring-oxm:4.3.5.release.classpath"/>
    <path refid="library.maven:_org.springframework:spring-context-support:4.3.5.release.classpath"/>
    <path refid="library.maven:_org.springframework:spring-jdbc:4.3.5.release.classpath"/>
    <path refid="library.maven:_org.springframework:spring-tx:4.3.8.release.classpath"/>
    <path refid="library.maven:_log4j:log4j:1.2.17.classpath"/>
    <path refid="library.maven:_org.apache.commons:commons-lang3:3.5.classpath"/>
    <path refid="library.maven:_net.sf.json-lib:json-lib:jdk15:2.4.classpath"/>
    <path refid="library.maven:_commons-beanutils:commons-beanutils:1.9.3.classpath"/>
    <path refid="library.maven:_commons-collections:commons-collections:3.2.2.classpath"/>
    <path refid="library.maven:_commons-lang:commons-lang:2.5.classpath"/>
    <path refid="library.maven:_net.sf.ezmorph:ezmorph:1.0.6.classpath"/>
    <path refid="library.maven:_mysql:mysql-connector-java:5.1.41.classpath"/>
    <path refid="library.maven:_org.apache.shiro:shiro-core:1.2.2.classpath"/>
    <path refid="library.maven:_org.slf4j:slf4j-api:1.7.25.classpath"/>
    <path refid="library.maven:_org.apache.shiro:shiro-web:1.2.2.classpath"/>
    <path refid="library.maven:_org.apache.shiro:shiro-spring:1.2.2.classpath"/>
    <path refid="library.maven:_org.apache.shiro:shiro-ehcache:1.3.0.classpath"/>
    <path refid="library.maven:_net.sf.ehcache:ehcache-core:2.5.3.classpath"/>
    <path refid="library.maven:_com.google.code.findbugs:jsr305:3.0.1.classpath"/>
    <path refid="library.maven:_org.mybatis:mybatis:3.4.1.classpath"/>
    <path refid="library.maven:_org.mybatis:mybatis-spring:1.3.1.classpath"/>
    <path refid="library.maven:_com.alibaba:druid:1.0.28.classpath"/>
    <pathelement location="${basedir}/../../soft/jdk1.8/lib/jconsole.jar"/>
    <pathelement location="${basedir}/../../soft/jdk1.8/lib/tools.jar"/>
    <path refid="library.maven:_org.json:json:20160810.classpath"/>
    <path refid="library.maven:_com.alibaba:fastjson:1.2.24.classpath"/>
    <path refid="library.maven:_javax.servlet.jsp:javax.servlet.jsp-api:2.3.1.classpath"/>
    <path refid="library.maven:_javax:javaee-api:7.0.classpath"/>
    <path refid="library.maven:_com.sun.mail:javax.mail:1.5.6.classpath"/>
    <path refid="library.maven:_javax.activation:activation:1.1.classpath"/>
    <path refid="library.maven:_org.springframework:spring-aspects:4.3.12.release.classpath"/>
    <path refid="library.maven:_org.aspectj:aspectjweaver:1.8.10.classpath"/>
  </path>
  
  <path id="blog.runtime.module.classpath">
    <pathelement location="${blog.testoutput.dir}"/>
    <pathelement location="${blog.output.dir}"/>
    <path refid="library.spring-aop-4.3.12.release.classpath"/>
    <path refid="library.maven:_junit:junit:3.8.1.classpath"/>
    <path refid="library.maven:_org.springframework:spring-core:4.3.5.release.classpath"/>
    <path refid="library.maven:_commons-logging:commons-logging:1.2.classpath"/>
    <path refid="library.maven:_org.springframework:spring-beans:4.3.5.release.classpath"/>
    <path refid="library.maven:_org.springframework:spring-context:4.3.5.release.classpath"/>
    <path refid="library.maven:_org.springframework:spring-aop:4.3.8.release.classpath"/>
    <path refid="library.maven:_org.springframework:spring-expression:4.3.8.release.classpath"/>
    <path refid="library.maven:_org.springframework:spring-web:4.3.5.release.classpath"/>
    <path refid="library.maven:_org.springframework:spring-webmvc:4.3.5.release.classpath"/>
    <path refid="library.maven:_org.freemarker:freemarker:2.3.23.classpath"/>
    <path refid="library.maven:_org.springframework:spring-oxm:4.3.5.release.classpath"/>
    <path refid="library.maven:_org.springframework:spring-context-support:4.3.5.release.classpath"/>
    <path refid="library.maven:_org.springframework:spring-jdbc:4.3.5.release.classpath"/>
    <path refid="library.maven:_org.springframework:spring-tx:4.3.8.release.classpath"/>
    <path refid="library.maven:_log4j:log4j:1.2.17.classpath"/>
    <path refid="library.maven:_org.apache.commons:commons-lang3:3.5.classpath"/>
    <path refid="library.maven:_net.sf.json-lib:json-lib:jdk15:2.4.classpath"/>
    <path refid="library.maven:_commons-beanutils:commons-beanutils:1.9.3.classpath"/>
    <path refid="library.maven:_commons-collections:commons-collections:3.2.2.classpath"/>
    <path refid="library.maven:_commons-lang:commons-lang:2.5.classpath"/>
    <path refid="library.maven:_net.sf.ezmorph:ezmorph:1.0.6.classpath"/>
    <path refid="library.maven:_mysql:mysql-connector-java:5.1.41.classpath"/>
    <path refid="library.maven:_org.apache.shiro:shiro-core:1.2.2.classpath"/>
    <path refid="library.maven:_org.slf4j:slf4j-api:1.7.25.classpath"/>
    <path refid="library.maven:_org.apache.shiro:shiro-web:1.2.2.classpath"/>
    <path refid="library.maven:_org.apache.shiro:shiro-spring:1.2.2.classpath"/>
    <path refid="library.maven:_org.apache.shiro:shiro-ehcache:1.3.0.classpath"/>
    <path refid="library.maven:_net.sf.ehcache:ehcache-core:2.5.3.classpath"/>
    <path refid="library.maven:_com.google.code.findbugs:jsr305:3.0.1.classpath"/>
    <path refid="library.maven:_org.mybatis:mybatis:3.4.1.classpath"/>
    <path refid="library.maven:_org.mybatis:mybatis-spring:1.3.1.classpath"/>
    <path refid="library.maven:_com.alibaba:druid:1.0.28.classpath"/>
    <pathelement location="${basedir}/../../soft/jdk1.8/lib/jconsole.jar"/>
    <pathelement location="${basedir}/../../soft/jdk1.8/lib/tools.jar"/>
    <path refid="library.maven:_org.json:json:20160810.classpath"/>
    <path refid="library.maven:_com.alibaba:fastjson:1.2.24.classpath"/>
    <path refid="library.maven:_javax.servlet.jsp:javax.servlet.jsp-api:2.3.1.classpath"/>
    <path refid="library.maven:_javax:javaee-api:7.0.classpath"/>
    <path refid="library.maven:_com.sun.mail:javax.mail:1.5.6.classpath"/>
    <path refid="library.maven:_javax.activation:activation:1.1.classpath"/>
    <path refid="library.maven:_org.springframework:spring-aspects:4.3.12.release.classpath"/>
    <path refid="library.maven:_org.aspectj:aspectjweaver:1.8.10.classpath"/>
  </path>
  
  
  <patternset id="excluded.from.module.blog">
    <patternset refid="ignored.files"/>
  </patternset>
  
  <patternset id="excluded.from.compilation.blog">
    <patternset refid="excluded.from.module.blog"/>
  </patternset>
  
  <path id="blog.module.sourcepath">
    <dirset dir="${module.blog.basedir}">
      <include name="src"/>
      <include name="src/resources"/>
      <include name="src/java"/>
      <include name="src/java/dao/resources"/>
    </dirset>
  </path>
  
  
  <target name="compile.module.blog" depends="compile.module.blog.production,compile.module.blog.tests" description="Compile module blog"/>
  
  <target name="compile.module.blog.production" depends="register.custom.compilers" description="Compile module blog; production classes">
    <mkdir dir="${blog.output.dir}"/>
    <javac2 destdir="${blog.output.dir}" debug="${compiler.debug}" nowarn="${compiler.generate.no.warnings}" memorymaximumsize="${compiler.max.memory}" fork="true" executable="${module.jdk.bin.blog}/javac">
      <compilerarg line="${compiler.args.blog}"/>
      <bootclasspath refid="blog.module.bootclasspath"/>
      <classpath refid="blog.module.production.classpath"/>
      <src refid="blog.module.sourcepath"/>
      <patternset refid="excluded.from.compilation.blog"/>
    </javac2>
    
    <copy todir="${blog.output.dir}">
      <fileset dir="${module.blog.basedir}/src">
        <patternset refid="compiler.resources"/>
        <type type="file"/>
      </fileset>
      <fileset dir="${module.blog.basedir}/src/resources">
        <patternset refid="compiler.resources"/>
        <type type="file"/>
      </fileset>
      <fileset dir="${module.blog.basedir}/src/java">
        <patternset refid="compiler.resources"/>
        <type type="file"/>
      </fileset>
      <fileset dir="${module.blog.basedir}/src/java/dao/resources">
        <patternset refid="compiler.resources"/>
        <type type="file"/>
      </fileset>
    </copy>
  </target>
  
  <target name="compile.module.blog.tests" depends="register.custom.compilers,compile.module.blog.production" description="compile module blog; test classes" unless="skip.tests"/>
  
  <target name="clean.module.blog" description="cleanup module">
    <delete dir="${blog.output.dir}"/>
    <delete dir="${blog.testoutput.dir}"/>
  </target>
</project>